"state","year","incidence"
"AL",1928,334.99
"AL",1929,111.93
"AL",1930,157
"AL",1931,337.29
"AL",1932,10.21
"AL",1933,65.22
"AL",1934,590.27
"AL",1935,265.34
"AL",1936,20.78
"AL",1937,22.46
"AL",1938,496.44
"AL",1939,182.64
"AL",1940,115.12
"AL",1941,297.47
"AL",1942,126.15
"AL",1943,130.82
"AL",1944,252.87
"AL",1945,27.33
"AL",1946,126.75
"AL",1947,127.26
"AL",1948,69.09
"AL",1949,368.8
"AL",1950,50.9
"AL",1951,103.24
"AL",1952,351.72
"AL",1953,93.99
"AL",1954,280.39
"AL",1955,69.68
"AL",1956,231.75
"AL",1957,299.79
"AL",1958,242.34
"AL",1959,108.19
"AL",1960,63.33
"AL",1961,78.01
"AL",1962,71.58
"AL",1963,34.74
"AL",1964,533.68
"AL",1965,68.2
"AL",1966,52.38
"AL",1967,38.98
"AL",1968,4.65
"AL",1969,0.36
"AL",1970,13.94
"AL",1971,55.24
"AL",1972,4.02
"AL",1973,0.42
"AL",1974,0.58
"AL",1975,0.13
"AL",1976,NA
"AL",1977,2.06
"AL",1978,3.43
"AL",1979,3.35
"AL",1980,0.57
"AL",1981,0
"AL",1982,0.05
"AL",1983,0.03
"AL",1984,0
"AL",1985,NA
"AL",1986,0.02
"AL",1987,0.09
"AL",1988,0.02
"AL",1989,1.46
"AL",1990,0.65
"AL",1991,0.02
"AL",1992,NA
"AL",1993,0.02
"AL",1994,NA
"AL",1995,NA
"AL",1996,NA
"AL",1997,0.14
"AL",1998,0
"AL",1999,NA
"AL",2000,NA
"AL",2001,NA
"AL",2002,0.16
"AL",2003,NA
"AK",1928,NA
"AK",1929,NA
"AK",1930,NA
"AK",1931,NA
"AK",1932,NA
"AK",1933,NA
"AK",1934,NA
"AK",1935,NA
"AK",1936,NA
"AK",1937,NA
"AK",1938,NA
"AK",1939,NA
"AK",1940,NA
"AK",1941,NA
"AK",1942,NA
"AK",1943,NA
"AK",1944,NA
"AK",1945,NA
"AK",1946,NA
"AK",1947,NA
"AK",1948,NA
"AK",1949,NA
"AK",1950,NA
"AK",1951,NA
"AK",1952,NA
"AK",1953,NA
"AK",1954,691.67
"AK",1955,241.87
"AK",1956,1120.98
"AK",1957,414.7
"AK",1958,562.06
"AK",1959,816.55
"AK",1960,635.79
"AK",1961,420.96
"AK",1962,571.54
"AK",1963,722.27
"AK",1964,439.89
"AK",1965,79.38
"AK",1966,236.57
"AK",1967,53.27
"AK",1968,3.86
"AK",1969,6.77
"AK",1970,33.61
"AK",1971,19.42
"AK",1972,3.94
"AK",1973,1.47
"AK",1974,0.27
"AK",1975,NA
"AK",1976,2.73
"AK",1977,15.07
"AK",1978,0.5
"AK",1979,4.48
"AK",1980,1.44
"AK",1981,NA
"AK",1982,0.2
"AK",1983,NA
"AK",1984,NA
"AK",1985,NA
"AK",1986,NA
"AK",1987,NA
"AK",1988,0.18
"AK",1989,0
"AK",1990,4.86
"AK",1991,0.18
"AK",1992,0.68
"AK",1993,NA
"AK",1994,2.67
"AK",1995,NA
"AK",1996,11.16
"AK",1997,0.16
"AK",1998,2.58
"AK",1999,NA
"AK",2000,0.16
"AK",2001,NA
"AK",2002,NA
"AK",2003,NA
"AZ",1928,200.75
"AZ",1929,54.88
"AZ",1930,466.31
"AZ",1931,497.69
"AZ",1932,20.11
"AZ",1933,296.01
"AZ",1934,238.81
"AZ",1935,135.02
"AZ",1936,525.5
"AZ",1937,837.3
"AZ",1938,149.34
"AZ",1939,144.02
"AZ",1940,339.06
"AZ",1941,615.29
"AZ",1942,740.83
"AZ",1943,172.44
"AZ",1944,736.71
"AZ",1945,93.74
"AZ",1946,498.69
"AZ",1947,224.49
"AZ",1948,623.38
"AZ",1949,531.46
"AZ",1950,315.95
"AZ",1951,1351.49
"AZ",1952,424.59
"AZ",1953,557.91
"AZ",1954,531.51
"AZ",1955,1024.03
"AZ",1956,644.32
"AZ",1957,700.97
"AZ",1958,825.18
"AZ",1959,719.02
"AZ",1960,325.91
"AZ",1961,559.22
"AZ",1962,431.74
"AZ",1963,583.67
"AZ",1964,405.54
"AZ",1965,100.6
"AZ",1966,336.9
"AZ",1967,62.08
"AZ",1968,14.61
"AZ",1969,31.21
"AZ",1970,53.05
"AZ",1971,25.39
"AZ",1972,40.83
"AZ",1973,1.12
"AZ",1974,0.89
"AZ",1975,3.53
"AZ",1976,10
"AZ",1977,8.71
"AZ",1978,2.52
"AZ",1979,3.25
"AZ",1980,11.63
"AZ",1981,0.36
"AZ",1982,0.53
"AZ",1983,NA
"AZ",1984,NA
"AZ",1985,7.49
"AZ",1986,7.45
"AZ",1987,1
"AZ",1988,0.08
"AZ",1989,3.96
"AZ",1990,7.72
"AZ",1991,9.04
"AZ",1992,0
"AZ",1993,0.06
"AZ",1994,0.2
"AZ",1995,0.27
"AZ",1996,0.17
"AZ",1997,0.18
"AZ",1998,0.2
"AZ",1999,0.02
"AZ",2000,NA
"AZ",2001,0.02
"AZ",2002,NA
"AZ",2003,NA
"AR",1928,481.77
"AR",1929,67.22
"AR",1930,53.44
"AR",1931,45.91
"AR",1932,5.33
"AR",1933,293.32
"AR",1934,384.57
"AR",1935,80.33
"AR",1936,5.66
"AR",1937,16.98
"AR",1938,356.73
"AR",1939,123.51
"AR",1940,72
"AR",1941,273.89
"AR",1942,232.7
"AR",1943,162.6
"AR",1944,207.51
"AR",1945,69.5
"AR",1946,168.47
"AR",1947,130.61
"AR",1948,208.3
"AR",1949,667.72
"AR",1950,91.12
"AR",1951,401.09
"AR",1952,188.55
"AR",1953,727.41
"AR",1954,151.03
"AR",1955,173.54
"AR",1956,506.86
"AR",1957,78.41
"AR",1958,173.95
"AR",1959,46.49
"AR",1960,89.24
"AR",1961,93.26
"AR",1962,77.61
"AR",1963,77.5
"AR",1964,58.28
"AR",1965,63.08
"AR",1966,72.49
"AR",1967,66.76
"AR",1968,0.15
"AR",1969,1.51
"AR",1970,1.66
"AR",1971,21.91
"AR",1972,0.65
"AR",1973,3.71
"AR",1974,0.66
"AR",1975,0.1
"AR",1976,0.91
"AR",1977,2.04
"AR",1978,0.96
"AR",1979,0.47
"AR",1980,0.76
"AR",1981,0.59
"AR",1982,NA
"AR",1983,0.04
"AR",1984,0.38
"AR",1985,NA
"AR",1986,12.21
"AR",1987,NA
"AR",1988,NA
"AR",1989,0.21
"AR",1990,1.74
"AR",1991,NA
"AR",1992,NA
"AR",1993,NA
"AR",1994,NA
"AR",1995,0.08
"AR",1996,NA
"AR",1997,0.12
"AR",1998,NA
"AR",1999,0.16
"AR",2000,0.04
"AR",2001,NA
"AR",2002,NA
"AR",2003,NA
"CA",1928,69.22
"CA",1929,72.8
"CA",1930,760.24
"CA",1931,477.48
"CA",1932,214.08
"CA",1933,445.28
"CA",1934,423.26
"CA",1935,466.38
"CA",1936,773.54
"CA",1937,78.26
"CA",1938,278.32
"CA",1939,939.48
"CA",1940,376.44
"CA",1941,174.42
"CA",1942,1222.01
"CA",1943,340.06
"CA",1944,599.97
"CA",1945,339.44
"CA",1946,575.16
"CA",1947,74.98
"CA",1948,487.91
"CA",1949,320.82
"CA",1950,137.92
"CA",1951,548.36
"CA",1952,335.25
"CA",1953,438.91
"CA",1954,473.05
"CA",1955,513.46
"CA",1956,235.21
"CA",1957,353.35
"CA",1958,235.72
"CA",1959,251.82
"CA",1960,140.03
"CA",1961,223.42
"CA",1962,164.86
"CA",1963,113.36
"CA",1964,179.9
"CA",1965,74.6
"CA",1966,80.59
"CA",1967,27.45
"CA",1968,8.49
"CA",1969,4.57
"CA",1970,9.55
"CA",1971,13.88
"CA",1972,15.43
"CA",1973,3.82
"CA",1974,5.14
"CA",1975,23.78
"CA",1976,10.41
"CA",1977,34.75
"CA",1978,2.81
"CA",1979,4.08
"CA",1980,3.65
"CA",1981,1.4
"CA",1982,3.16
"CA",1983,0.59
"CA",1984,1.2
"CA",1985,0.92
"CA",1986,1.52
"CA",1987,2.68
"CA",1988,2.48
"CA",1989,7.34
"CA",1990,31.99
"CA",1991,6.49
"CA",1992,0.19
"CA",1993,0.18
"CA",1994,0.19
"CA",1995,0.09
"CA",1996,0.11
"CA",1997,0.09
"CA",1998,0
"CA",1999,0.06
"CA",2000,0.03
"CA",2001,0.11
"CA",2002,0
"CA",2003,NA
"CO",1928,206.98
"CO",1929,74.24
"CO",1930,1132.76
"CO",1931,453.27
"CO",1932,222.9
"CO",1933,27.69
"CO",1934,1204.25
"CO",1935,1186.07
"CO",1936,54.74
"CO",1937,93
"CO",1938,823.71
"CO",1939,525.21
"CO",1940,231.8
"CO",1941,661.75
"CO",1942,505.49
"CO",1943,976.97
"CO",1944,556.49
"CO",1945,95.91
"CO",1946,992.74
"CO",1947,142.93
"CO",1948,723.28
"CO",1949,557.61
"CO",1950,395.37
"CO",1951,934.02
"CO",1952,386.92
"CO",1953,684
"CO",1954,127.66
"CO",1955,317.08
"CO",1956,873.22
"CO",1957,173.47
"CO",1958,566.11
"CO",1959,411.5
"CO",1960,384.73
"CO",1961,210.35
"CO",1962,474
"CO",1963,325.28
"CO",1964,164.43
"CO",1965,302.7
"CO",1966,72
"CO",1967,79.64
"CO",1968,23.54
"CO",1969,6.43
"CO",1970,10.41
"CO",1971,37.17
"CO",1972,20.88
"CO",1973,6.55
"CO",1974,6.13
"CO",1975,44.44
"CO",1976,16.67
"CO",1977,15.7
"CO",1978,1.8
"CO",1979,2.48
"CO",1980,0.77
"CO",1981,0.25
"CO",1982,0.22
"CO",1983,NA
"CO",1984,NA
"CO",1985,0.27
"CO",1986,0.15
"CO",1987,0.27
"CO",1988,3.53
"CO",1989,3.02
"CO",1990,4.17
"CO",1991,0.33
"CO",1992,0.64
"CO",1993,0
"CO",1994,0.54
"CO",1995,0.68
"CO",1996,0.21
"CO",1997,0.72
"CO",1998,NA
"CO",1999,0
"CO",2000,0.06
"CO",2001,NA
"CO",2002,NA
"CO",2003,NA
"CT",1928,634.95
"CT",1929,614.82
"CT",1930,112.23
"CT",1931,790.46
"CT",1932,348.27
"CT",1933,330.66
"CT",1934,282.35
"CT",1935,1449.49
"CT",1936,228.97
"CT",1937,606.76
"CT",1938,107.56
"CT",1939,937.54
"CT",1940,376.52
"CT",1941,364.57
"CT",1942,587.88
"CT",1943,550.38
"CT",1944,493.5
"CT",1945,170.2
"CT",1946,397.91
"CT",1947,814.92
"CT",1948,140.62
"CT",1949,935.63
"CT",1950,197.45
"CT",1951,227.43
"CT",1952,1179.01
"CT",1953,99.99
"CT",1954,223.47
"CT",1955,1256.63
"CT",1956,116.46
"CT",1957,409.99
"CT",1958,645.65
"CT",1959,516.46
"CT",1960,434.62
"CT",1961,261.76
"CT",1962,672.06
"CT",1963,214.81
"CT",1964,189.03
"CT",1965,322.89
"CT",1966,32.51
"CT",1967,3.57
"CT",1968,23.82
"CT",1969,21.39
"CT",1970,3.82
"CT",1971,38.91
"CT",1972,50.08
"CT",1973,59.17
"CT",1974,5.6
"CT",1975,4.16
"CT",1976,7.64
"CT",1977,25.02
"CT",1978,17.04
"CT",1979,0.12
"CT",1980,0.85
"CT",1981,0.27
"CT",1982,0.24
"CT",1983,0
"CT",1984,0.31
"CT",1985,0.18
"CT",1986,0.27
"CT",1987,0.66
"CT",1988,0.51
"CT",1989,6.53
"CT",1990,5.7
"CT",1991,0.69
"CT",1992,0.06
"CT",1993,0.18
"CT",1994,0.12
"CT",1995,0.03
"CT",1996,0.03
"CT",1997,0
"CT",1998,NA
"CT",1999,0
"CT",2000,NA
"CT",2001,0
"CT",2002,NA
"CT",2003,NA
"DE",1928,256.02
"DE",1929,239.82
"DE",1930,109.25
"DE",1931,1003.28
"DE",1932,15.98
"DE",1933,82.68
"DE",1934,1225.2
"DE",1935,412.7
"DE",1936,555.96
"DE",1937,707.1
"DE",1938,236.02
"DE",1939,94.63
"DE",1940,36.04
"DE",1941,1268.35
"DE",1942,90.16
"DE",1943,564.55
"DE",1944,138.4
"DE",1945,96.86
"DE",1946,198.98
"DE",1947,19.41
"DE",1948,333.13
"DE",1949,234.53
"DE",1950,194.7
"DE",1951,208.42
"DE",1952,119.34
"DE",1953,115.88
"DE",1954,527.67
"DE",1955,26.98
"DE",1956,212.31
"DE",1957,78.13
"DE",1958,118.9
"DE",1959,139.7
"DE",1960,212.92
"DE",1961,368.35
"DE",1962,129.42
"DE",1963,248.69
"DE",1964,79.26
"DE",1965,102.38
"DE",1966,51.14
"DE",1967,10.64
"DE",1968,4.51
"DE",1969,93.73
"DE",1970,47.46
"DE",1971,7.27
"DE",1972,9.66
"DE",1973,1.71
"DE",1974,2.72
"DE",1975,5.94
"DE",1976,18.8
"DE",1977,1.18
"DE",1978,1.87
"DE",1979,0.17
"DE",1980,0.68
"DE",1981,NA
"DE",1982,NA
"DE",1983,NA
"DE",1984,NA
"DE",1985,NA
"DE",1986,0.16
"DE",1987,3.09
"DE",1988,NA
"DE",1989,5.4
"DE",1990,1.35
"DE",1991,2.81
"DE",1992,0.42
"DE",1993,0.28
"DE",1994,NA
"DE",1995,NA
"DE",1996,0.13
"DE",1997,NA
"DE",1998,0
"DE",1999,NA
"DE",2000,NA
"DE",2001,NA
"DE",2002,NA
"DE",2003,NA
"DC",1928,535.63
"DC",1929,94.2
"DC",1930,182.1
"DC",1931,832.99
"DC",1932,53.14
"DC",1933,100.8
"DC",1934,1137.49
"DC",1935,152.73
"DC",1936,335.59
"DC",1937,333.27
"DC",1938,115.59
"DC",1939,497.42
"DC",1940,126.99
"DC",1941,488.19
"DC",1942,190.76
"DC",1943,234.27
"DC",1944,310.09
"DC",1945,39.59
"DC",1946,465.92
"DC",1947,60.15
"DC",1948,305.05
"DC",1949,278.56
"DC",1950,213.51
"DC",1951,185.16
"DC",1952,286.17
"DC",1953,44.05
"DC",1954,383.3
"DC",1955,57.69
"DC",1956,210.28
"DC",1957,114.82
"DC",1958,187.57
"DC",1959,52.17
"DC",1960,158.16
"DC",1961,47.09
"DC",1962,89.2
"DC",1963,27.76
"DC",1964,43.14
"DC",1965,19.76
"DC",1966,49.3
"DC",1967,3.46
"DC",1968,0.78
"DC",1969,5.89
"DC",1970,46
"DC",1971,2.12
"DC",1972,0.27
"DC",1973,1.4
"DC",1974,0.14
"DC",1975,0.28
"DC",1976,1.94
"DC",1977,2.1
"DC",1978,0.3
"DC",1979,0.16
"DC",1980,0.79
"DC",1981,0.32
"DC",1982,0.16
"DC",1983,NA
"DC",1984,NA
"DC",1985,4.39
"DC",1986,NA
"DC",1987,NA
"DC",1988,NA
"DC",1989,6.74
"DC",1990,3.66
"DC",1991,NA
"DC",1992,0.33
"DC",1993,NA
"DC",1994,NA
"DC",1995,NA
"DC",1996,0
"DC",1997,0.35
"DC",1998,NA
"DC",1999,NA
"DC",2000,NA
"DC",2001,NA
"DC",2002,NA
"DC",2003,NA
"FL",1928,119.58
"FL",1929,78.01
"FL",1930,356.59
"FL",1931,260.79
"FL",1932,13.63
"FL",1933,63.93
"FL",1934,505.65
"FL",1935,72.77
"FL",1936,18.22
"FL",1937,23.08
"FL",1938,517.83
"FL",1939,157.53
"FL",1940,114.19
"FL",1941,459.76
"FL",1942,189.61
"FL",1943,68.57
"FL",1944,189.74
"FL",1945,39.63
"FL",1946,116.89
"FL",1947,53.1
"FL",1948,152.39
"FL",1949,144.03
"FL",1950,83.43
"FL",1951,76.21
"FL",1952,109.99
"FL",1953,38.5
"FL",1954,312.27
"FL",1955,38.04
"FL",1956,127.23
"FL",1957,120.36
"FL",1958,266.67
"FL",1959,74.68
"FL",1960,74.46
"FL",1961,127.69
"FL",1962,76.09
"FL",1963,66.69
"FL",1964,121.55
"FL",1965,62.29
"FL",1966,64.38
"FL",1967,28.92
"FL",1968,8.94
"FL",1969,9.27
"FL",1970,20.19
"FL",1971,30.83
"FL",1972,17.64
"FL",1973,4.7
"FL",1974,2.7
"FL",1975,0.94
"FL",1976,3.78
"FL",1977,3.3
"FL",1978,11.6
"FL",1979,6.2
"FL",1980,4.04
"FL",1981,2.89
"FL",1982,2.01
"FL",1983,1.48
"FL",1984,0.16
"FL",1985,0.99
"FL",1986,3.38
"FL",1987,0.72
"FL",1988,1.32
"FL",1989,1.6
"FL",1990,2.87
"FL",1991,2.21
"FL",1992,0.3
"FL",1993,0.2
"FL",1994,0.16
"FL",1995,0.06
"FL",1996,0
"FL",1997,0.06
"FL",1998,0.01
"FL",1999,0.01
"FL",2000,0.02
"FL",2001,NA
"FL",2002,0.01
"FL",2003,NA
"GA",1928,159.73
"GA",1929,40.63
"GA",1930,153.21
"GA",1931,104.39
"GA",1932,34.36
"GA",1933,156.88
"GA",1934,774.78
"GA",1935,1.05
"GA",1936,0.27
"GA",1937,NA
"GA",1938,299.92
"GA",1939,115.95
"GA",1940,93.84
"GA",1941,294.12
"GA",1942,168.74
"GA",1943,126.45
"GA",1944,171.51
"GA",1945,27.53
"GA",1946,117.11
"GA",1947,102.39
"GA",1948,37.8
"GA",1949,288.7
"GA",1950,62.42
"GA",1951,213.03
"GA",1952,225.42
"GA",1953,86.49
"GA",1954,188.04
"GA",1955,68.18
"GA",1956,128.9
"GA",1957,155.66
"GA",1958,175.18
"GA",1959,11.54
"GA",1960,5.53
"GA",1961,10.24
"GA",1962,10.19
"GA",1963,4.78
"GA",1964,4.92
"GA",1965,15.1
"GA",1966,5.59
"GA",1967,0.96
"GA",1968,0.08
"GA",1969,0.04
"GA",1970,0.36
"GA",1971,23.59
"GA",1972,3.56
"GA",1973,1.02
"GA",1974,0.06
"GA",1975,0.78
"GA",1976,0.1
"GA",1977,14.41
"GA",1978,1.06
"GA",1979,10.14
"GA",1980,15.19
"GA",1981,1.95
"GA",1982,NA
"GA",1983,0.14
"GA",1984,0.06
"GA",1985,0.13
"GA",1986,1.49
"GA",1987,0.15
"GA",1988,NA
"GA",1989,0.27
"GA",1990,5.5
"GA",1991,0.23
"GA",1992,0.04
"GA",1993,0.01
"GA",1994,0.03
"GA",1995,0.06
"GA",1996,0.01
"GA",1997,0
"GA",1998,0.01
"GA",1999,NA
"GA",2000,NA
"GA",2001,0.01
"GA",2002,0.01
"GA",2003,NA
"HI",1928,NA
"HI",1929,NA
"HI",1930,NA
"HI",1931,NA
"HI",1932,NA
"HI",1933,NA
"HI",1934,NA
"HI",1935,NA
"HI",1936,NA
"HI",1937,NA
"HI",1938,NA
"HI",1939,NA
"HI",1940,NA
"HI",1941,NA
"HI",1942,NA
"HI",1943,NA
"HI",1944,NA
"HI",1945,NA
"HI",1946,NA
"HI",1947,NA
"HI",1948,NA
"HI",1949,NA
"HI",1950,13.22
"HI",1951,955.24
"HI",1952,NA
"HI",1953,NA
"HI",1954,99.86
"HI",1955,1186.44
"HI",1956,922.02
"HI",1957,866.24
"HI",1958,95.08
"HI",1959,592.6
"HI",1960,829
"HI",1961,29.62
"HI",1962,387.29
"HI",1963,521.83
"HI",1964,123.18
"HI",1965,575.8
"HI",1966,20.36
"HI",1967,24.46
"HI",1968,5.05
"HI",1969,7.02
"HI",1970,23.86
"HI",1971,59.03
"HI",1972,11.24
"HI",1973,3.52
"HI",1974,7.1
"HI",1975,7.17
"HI",1976,1.2
"HI",1977,4.73
"HI",1978,2.17
"HI",1979,7.95
"HI",1980,0.9
"HI",1981,0.8
"HI",1982,0.5
"HI",1983,0.1
"HI",1984,16.64
"HI",1985,2.33
"HI",1986,2.78
"HI",1987,0.18
"HI",1988,1.81
"HI",1989,2.79
"HI",1990,3.69
"HI",1991,1.95
"HI",1992,4.24
"HI",1993,1.3
"HI",1994,NA
"HI",1995,0
"HI",1996,2.81
"HI",1997,0.49
"HI",1998,NA
"HI",1999,0.08
"HI",2000,0.16
"HI",2001,0.57
"HI",2002,0.08
"HI",2003,NA
"ID",1928,19.59
"ID",1929,160.37
"ID",1930,196.66
"ID",1931,25.97
"ID",1932,8.76
"ID",1933,193.59
"ID",1934,252.43
"ID",1935,182.33
"ID",1936,262.62
"ID",1937,243.15
"ID",1938,425.67
"ID",1939,694.15
"ID",1940,337.53
"ID",1941,102.03
"ID",1942,395.08
"ID",1943,650.9
"ID",1944,182.34
"ID",1945,259.93
"ID",1946,433.6
"ID",1947,51.13
"ID",1948,275.2
"ID",1949,511.03
"ID",1950,324.05
"ID",1951,358.07
"ID",1952,196.07
"ID",1953,324.34
"ID",1954,734.17
"ID",1955,113.76
"ID",1956,317.56
"ID",1957,486.9
"ID",1958,591.94
"ID",1959,247.2
"ID",1960,421.92
"ID",1961,281.75
"ID",1962,234.12
"ID",1963,572.48
"ID",1964,336.19
"ID",1965,454.66
"ID",1966,246.93
"ID",1967,60.05
"ID",1968,3
"ID",1969,12.74
"ID",1970,13.32
"ID",1971,35.9
"ID",1972,14.09
"ID",1973,31.71
"ID",1974,6.48
"ID",1975,2.35
"ID",1976,224.33
"ID",1977,18.56
"ID",1978,0.43
"ID",1979,2.34
"ID",1980,NA
"ID",1981,0.2
"ID",1982,NA
"ID",1983,0.1
"ID",1984,NA
"ID",1985,6.25
"ID",1986,0.1
"ID",1987,NA
"ID",1988,NA
"ID",1989,0.8
"ID",1990,2.19
"ID",1991,42.15
"ID",1992,NA
"ID",1993,NA
"ID",1994,0.18
"ID",1995,0.33
"ID",1996,0.16
"ID",1997,6.59
"ID",1998,0.08
"ID",1999,NA
"ID",2000,NA
"ID",2001,0.16
"ID",2002,0
"ID",2003,NA
"IL",1928,98.24
"IL",1929,506.18
"IL",1930,216.07
"IL",1931,516.97
"IL",1932,208.31
"IL",1933,155.65
"IL",1934,574.84
"IL",1935,746.81
"IL",1936,15.43
"IL",1937,146.95
"IL",1938,1145.16
"IL",1939,100.12
"IL",1940,84.14
"IL",1941,613.14
"IL",1942,132.69
"IL",1943,328.45
"IL",1944,239.79
"IL",1945,103.25
"IL",1946,298.12
"IL",1947,91.45
"IL",1948,426.99
"IL",1949,65.92
"IL",1950,200.35
"IL",1951,187.66
"IL",1952,294.52
"IL",1953,173.71
"IL",1954,358.74
"IL",1955,144.65
"IL",1956,441.99
"IL",1957,100.27
"IL",1958,233.09
"IL",1959,96.16
"IL",1960,224.66
"IL",1961,159
"IL",1962,163.37
"IL",1963,98.55
"IL",1964,149.33
"IL",1965,42.68
"IL",1966,106.31
"IL",1967,11.93
"IL",1968,13.52
"IL",1969,10.16
"IL",1970,29.38
"IL",1971,29.04
"IL",1972,40.22
"IL",1973,19.48
"IL",1974,18.73
"IL",1975,16.49
"IL",1976,17.86
"IL",1977,16.56
"IL",1978,6.98
"IL",1979,11.6
"IL",1980,2.97
"IL",1981,0.26
"IL",1982,0.24
"IL",1983,1.72
"IL",1984,1.36
"IL",1985,2.43
"IL",1986,3.67
"IL",1987,1.7
"IL",1988,0.47
"IL",1989,22.32
"IL",1990,9.05
"IL",1991,0.05
"IL",1992,0.09
"IL",1993,0.04
"IL",1994,0.15
"IL",1995,0.04
"IL",1996,0.02
"IL",1997,0.08
"IL",1998,0.01
"IL",1999,NA
"IL",2000,0.04
"IL",2001,0.01
"IL",2002,NA
"IL",2003,NA
"IN",1928,263.67
"IN",1929,322.1
"IN",1930,120.73
"IN",1931,541.21
"IN",1932,88.78
"IN",1933,108.02
"IN",1934,631.03
"IN",1935,299.12
"IN",1936,21.15
"IN",1937,210.12
"IN",1938,523.18
"IN",1939,59.79
"IN",1940,16.65
"IN",1941,381.63
"IN",1942,94.99
"IN",1943,263
"IN",1944,149.11
"IN",1945,33.51
"IN",1946,293.05
"IN",1947,60.93
"IN",1948,366.54
"IN",1949,100.14
"IN",1950,169.41
"IN",1951,102
"IN",1952,179.11
"IN",1953,162.58
"IN",1954,517.12
"IN",1955,86.36
"IN",1956,368.17
"IN",1957,180.31
"IN",1958,396.55
"IN",1959,99.64
"IN",1960,223.08
"IN",1961,124.69
"IN",1962,161.79
"IN",1963,122.36
"IN",1964,458.81
"IN",1965,48.06
"IN",1966,116.34
"IN",1967,13.46
"IN",1968,15.55
"IN",1969,10.51
"IN",1970,5.5
"IN",1971,58.23
"IN",1972,23.8
"IN",1973,13.27
"IN",1974,4.86
"IN",1975,9.67
"IN",1976,79.97
"IN",1977,71.15
"IN",1978,3.95
"IN",1979,3.67
"IN",1980,2.01
"IN",1981,0.34
"IN",1982,0.06
"IN",1983,6.78
"IN",1984,0.04
"IN",1985,0.06
"IN",1986,0.7
"IN",1987,NA
"IN",1988,1.04
"IN",1989,2.02
"IN",1990,4.49
"IN",1991,0.09
"IN",1992,0.22
"IN",1993,0.02
"IN",1994,0.02
"IN",1995,NA
"IN",1996,NA
"IN",1997,NA
"IN",1998,0.03
"IN",1999,0.02
"IN",2000,NA
"IN",2001,0.03
"IN",2002,0.02
"IN",2003,NA
"IA",1928,28.63
"IA",1929,82.95
"IA",1930,395.59
"IA",1931,34.25
"IA",1932,6.32
"IA",1933,33.01
"IA",1934,346.39
"IA",1935,865.65
"IA",1936,8
"IA",1937,10.76
"IA",1938,223.17
"IA",1939,209.13
"IA",1940,212.6
"IA",1941,197.87
"IA",1942,254.79
"IA",1943,242.8
"IA",1944,201.38
"IA",1945,61.4
"IA",1946,160.44
"IA",1947,177.89
"IA",1948,352.26
"IA",1949,87.03
"IA",1950,399.49
"IA",1951,103.78
"IA",1952,120.84
"IA",1953,413.78
"IA",1954,477.14
"IA",1955,286.64
"IA",1956,307.41
"IA",1957,330.75
"IA",1958,463.82
"IA",1959,420.25
"IA",1960,64
"IA",1961,192.53
"IA",1962,393.63
"IA",1963,280.07
"IA",1964,819.82
"IA",1965,339.54
"IA",1966,197.39
"IA",1967,29.6
"IA",1968,6.58
"IA",1969,9.98
"IA",1970,31.42
"IA",1971,94.79
"IA",1972,33.27
"IA",1973,10.12
"IA",1974,4.6
"IA",1975,24.11
"IA",1976,1.4
"IA",1977,123.72
"IA",1978,2.96
"IA",1979,0.53
"IA",1980,0.06
"IA",1981,0.03
"IA",1982,NA
"IA",1983,NA
"IA",1984,NA
"IA",1985,NA
"IA",1986,5.1
"IA",1987,NA
"IA",1988,NA
"IA",1989,0.45
"IA",1990,0.96
"IA",1991,0.59
"IA",1992,NA
"IA",1993,NA
"IA",1994,0.25
"IA",1995,NA
"IA",1996,0
"IA",1997,0.28
"IA",1998,0.03
"IA",1999,NA
"IA",2000,0.06
"IA",2001,NA
"IA",2002,NA
"IA",2003,NA
"KS",1928,136.92
"KS",1929,555.44
"KS",1930,666.71
"KS",1931,93.47
"KS",1932,326.64
"KS",1933,335.08
"KS",1934,538.84
"KS",1935,1399.01
"KS",1936,23.17
"KS",1937,42.11
"KS",1938,583.06
"KS",1939,158.21
"KS",1940,450.3
"KS",1941,764.47
"KS",1942,535.23
"KS",1943,547.84
"KS",1944,551.62
"KS",1945,95.98
"KS",1946,658.17
"KS",1947,48.12
"KS",1948,58.31
"KS",1949,882.31
"KS",1950,93.17
"KS",1951,572.19
"KS",1952,326.07
"KS",1953,750.87
"KS",1954,66.41
"KS",1955,145.56
"KS",1956,200.78
"KS",1957,0.62
"KS",1958,3.32
"KS",1959,NA
"KS",1960,NA
"KS",1961,NA
"KS",1962,NA
"KS",1963,NA
"KS",1964,NA
"KS",1965,NA
"KS",1966,NA
"KS",1967,4.44
"KS",1968,0.96
"KS",1969,0.38
"KS",1970,3.35
"KS",1971,62.42
"KS",1972,1.72
"KS",1973,1.19
"KS",1974,8.25
"KS",1975,93.3
"KS",1976,32.17
"KS",1977,61.23
"KS",1978,4.5
"KS",1979,3.14
"KS",1980,3.11
"KS",1981,0.04
"KS",1982,1.82
"KS",1983,NA
"KS",1984,NA
"KS",1985,0.04
"KS",1986,4.04
"KS",1987,NA
"KS",1988,0.04
"KS",1989,4.75
"KS",1990,9.46
"KS",1991,0.36
"KS",1992,0.08
"KS",1993,NA
"KS",1994,0.04
"KS",1995,0.04
"KS",1996,0.04
"KS",1997,NA
"KS",1998,NA
"KS",1999,NA
"KS",2000,0.08
"KS",2001,0.04
"KS",2002,NA
"KS",2003,NA
"KY",1928,216.26
"KY",1929,43.17
"KY",1930,70.15
"KY",1931,181.04
"KY",1932,72.99
"KY",1933,57.86
"KY",1934,422.55
"KY",1935,533.77
"KY",1936,79.66
"KY",1937,245.75
"KY",1938,393.49
"KY",1939,79.78
"KY",1940,97.62
"KY",1941,610.5
"KY",1942,84.08
"KY",1943,383.79
"KY",1944,86.5
"KY",1945,61.13
"KY",1946,269.63
"KY",1947,30.12
"KY",1948,127.97
"KY",1949,294.61
"KY",1950,162.65
"KY",1951,290.96
"KY",1952,362.97
"KY",1953,134.51
"KY",1954,1026
"KY",1955,76.09
"KY",1956,610.29
"KY",1957,557.76
"KY",1958,619.64
"KY",1959,221.65
"KY",1960,352.98
"KY",1961,368.68
"KY",1962,202.29
"KY",1963,284.88
"KY",1964,481.84
"KY",1965,121.06
"KY",1966,154.21
"KY",1967,46.83
"KY",1968,4.37
"KY",1969,2.21
"KY",1970,32.39
"KY",1971,111.46
"KY",1972,14.43
"KY",1973,12.38
"KY",1974,5.52
"KY",1975,4.55
"KY",1976,21.88
"KY",1977,33.04
"KY",1978,3.35
"KY",1979,1.63
"KY",1980,1.75
"KY",1981,0.03
"KY",1982,0.06
"KY",1983,NA
"KY",1984,0.03
"KY",1985,0.05
"KY",1986,0.08
"KY",1987,NA
"KY",1988,0.95
"KY",1989,1.17
"KY",1990,1.14
"KY",1991,0.69
"KY",1992,7.46
"KY",1993,NA
"KY",1994,NA
"KY",1995,NA
"KY",1996,NA
"KY",1997,NA
"KY",1998,NA
"KY",1999,0
"KY",2000,NA
"KY",2001,0.05
"KY",2002,NA
"KY",2003,NA
"LA",1928,260.33
"LA",1929,88.79
"LA",1930,86.29
"LA",1931,11.47
"LA",1932,67.44
"LA",1933,42.77
"LA",1934,220.96
"LA",1935,117.22
"LA",1936,57.67
"LA",1937,20.71
"LA",1938,44.77
"LA",1939,157.03
"LA",1940,47.78
"LA",1941,35.01
"LA",1942,123.74
"LA",1943,106.44
"LA",1944,104
"LA",1945,41.15
"LA",1946,126.32
"LA",1947,49.96
"LA",1948,57.63
"LA",1949,51.62
"LA",1950,28.57
"LA",1951,78.73
"LA",1952,23.97
"LA",1953,155.89
"LA",1954,104.96
"LA",1955,5.66
"LA",1956,69.64
"LA",1957,34.64
"LA",1958,9.05
"LA",1959,2.08
"LA",1960,7.46
"LA",1961,1.23
"LA",1962,6.9
"LA",1963,4.26
"LA",1964,3.44
"LA",1965,3.85
"LA",1966,3.02
"LA",1967,4.46
"LA",1968,0.79
"LA",1969,3.46
"LA",1970,8.34
"LA",1971,42.19
"LA",1972,3.26
"LA",1973,2.37
"LA",1974,0.38
"LA",1975,0.09
"LA",1976,7.76
"LA",1977,2.2
"LA",1978,21.25
"LA",1979,6.2
"LA",1980,0.43
"LA",1981,0.1
"LA",1982,0.34
"LA",1983,0.09
"LA",1984,0.18
"LA",1985,0.95
"LA",1986,0.08
"LA",1987,NA
"LA",1988,NA
"LA",1989,2.79
"LA",1990,0
"LA",1991,NA
"LA",1992,NA
"LA",1993,0.02
"LA",1994,0.02
"LA",1995,0.42
"LA",1996,NA
"LA",1997,NA
"LA",1998,0.02
"LA",1999,NA
"LA",2000,NA
"LA",2001,NA
"LA",2002,NA
"LA",2003,NA
"ME",1928,401.96
"ME",1929,719.17
"ME",1930,198.88
"ME",1931,434.35
"ME",1932,1086.28
"ME",1933,13.39
"ME",1934,78.02
"ME",1935,857.76
"ME",1936,891.89
"ME",1937,134.35
"ME",1938,509.67
"ME",1939,271.09
"ME",1940,837.74
"ME",1941,557.7
"ME",1942,540.61
"ME",1943,297.99
"ME",1944,611.07
"ME",1945,61.29
"ME",1946,578
"ME",1947,504.58
"ME",1948,335.01
"ME",1949,1108.87
"ME",1950,106.15
"ME",1951,193.05
"ME",1952,987.72
"ME",1953,181.55
"ME",1954,626.75
"ME",1955,710.48
"ME",1956,115.39
"ME",1957,478.88
"ME",1958,462.59
"ME",1959,270.41
"ME",1960,413.05
"ME",1961,279.08
"ME",1962,718.01
"ME",1963,48.49
"ME",1964,373.91
"ME",1965,295.75
"ME",1966,29.7
"ME",1967,24.63
"ME",1968,3.51
"ME",1969,0.8
"ME",1970,41.48
"ME",1971,120.27
"ME",1972,20.98
"ME",1973,5.32
"ME",1974,3.44
"ME",1975,1.44
"ME",1976,0.9
"ME",1977,15.91
"ME",1978,117.78
"ME",1979,1.89
"ME",1980,4.22
"ME",1981,0.45
"ME",1982,NA
"ME",1983,NA
"ME",1984,NA
"ME",1985,NA
"ME",1986,1.26
"ME",1987,0.25
"ME",1988,0.66
"ME",1989,NA
"ME",1990,0.32
"ME",1991,0.56
"ME",1992,0.24
"ME",1993,0.16
"ME",1994,0.24
"ME",1995,NA
"ME",1996,0
"ME",1997,0.32
"ME",1998,NA
"ME",1999,NA
"ME",2000,NA
"ME",2001,NA
"ME",2002,NA
"ME",2003,NA
"MD",1928,1089.39
"MD",1929,126.04
"MD",1930,73.89
"MD",1931,1264.85
"MD",1932,65.17
"MD",1933,41.18
"MD",1934,1575.91
"MD",1935,133.17
"MD",1936,405.28
"MD",1937,698.17
"MD",1938,159.06
"MD",1939,852.92
"MD",1940,233.84
"MD",1941,384.33
"MD",1942,535.19
"MD",1943,196.78
"MD",1944,613.78
"MD",1945,87.4
"MD",1946,488.43
"MD",1947,50.88
"MD",1948,435.37
"MD",1949,740.27
"MD",1950,61.72
"MD",1951,269.07
"MD",1952,348.04
"MD",1953,79.46
"MD",1954,433.86
"MD",1955,83.51
"MD",1956,310.79
"MD",1957,79.68
"MD",1958,210.83
"MD",1959,76.08
"MD",1960,104.48
"MD",1961,130.28
"MD",1962,96.62
"MD",1963,60.08
"MD",1964,89.51
"MD",1965,35.52
"MD",1966,57.77
"MD",1967,4.86
"MD",1968,2.75
"MD",1969,2.6
"MD",1970,34.61
"MD",1971,13.6
"MD",1972,0.27
"MD",1973,0.32
"MD",1974,0.57
"MD",1975,1.54
"MD",1976,19.9
"MD",1977,8.48
"MD",1978,1.23
"MD",1979,0.38
"MD",1980,1.98
"MD",1981,0.11
"MD",1982,0.1
"MD",1983,0.17
"MD",1984,0.3
"MD",1985,2.53
"MD",1986,0.76
"MD",1987,0.22
"MD",1988,0.3
"MD",1989,2.48
"MD",1990,4.24
"MD",1991,3.66
"MD",1992,0.22
"MD",1993,0.02
"MD",1994,0.1
"MD",1995,0
"MD",1996,0.08
"MD",1997,0.5
"MD",1998,0
"MD",1999,NA
"MD",2000,NA
"MD",2001,0.06
"MD",2002,NA
"MD",2003,NA
"MA",1928,981.06
"MA",1929,351.42
"MA",1930,630.29
"MA",1931,386.78
"MA",1932,463.19
"MA",1933,351.86
"MA",1934,1039.49
"MA",1935,286.73
"MA",1936,613.81
"MA",1937,478.32
"MA",1938,229.97
"MA",1939,546.19
"MA",1940,498.72
"MA",1941,474.01
"MA",1942,564.89
"MA",1943,752.17
"MA",1944,433.38
"MA",1945,186.66
"MA",1946,798.36
"MA",1947,252.7
"MA",1948,675
"MA",1949,556.88
"MA",1950,264.72
"MA",1951,311.54
"MA",1952,940.07
"MA",1953,68.28
"MA",1954,475.05
"MA",1955,957.5
"MA",1956,72
"MA",1957,222.05
"MA",1958,714.96
"MA",1959,123.22
"MA",1960,420.58
"MA",1961,416.44
"MA",1962,511.33
"MA",1963,84.1
"MA",1964,135.92
"MA",1965,354.49
"MA",1966,15.02
"MA",1967,7.47
"MA",1968,9.84
"MA",1969,6.59
"MA",1970,15.75
"MA",1971,8.07
"MA",1972,21.96
"MA",1973,69.12
"MA",1974,7.08
"MA",1975,2.69
"MA",1976,0.74
"MA",1977,12.3
"MA",1978,5.45
"MA",1979,0.49
"MA",1980,0.98
"MA",1981,1.05
"MA",1982,0.1
"MA",1983,0.15
"MA",1984,1.46
"MA",1985,1.37
"MA",1986,0.63
"MA",1987,1.09
"MA",1988,0.09
"MA",1989,1.79
"MA",1990,0.54
"MA",1991,0.72
"MA",1992,0.35
"MA",1993,0.31
"MA",1994,0.12
"MA",1995,0.08
"MA",1996,0.2
"MA",1997,0.88
"MA",1998,0.02
"MA",1999,0.04
"MA",2000,0
"MA",2001,0
"MA",2002,NA
"MA",2003,NA
"MI",1928,547.55
"MI",1929,376.46
"MI",1930,583.62
"MI",1931,133.48
"MI",1932,881.09
"MI",1933,462.14
"MI",1934,132.48
"MI",1935,1600.88
"MI",1936,47.72
"MI",1937,115.59
"MI",1938,1505.5
"MI",1939,328.17
"MI",1940,299.7
"MI",1941,1119.5
"MI",1942,168.35
"MI",1943,765.18
"MI",1944,466.94
"MI",1945,121.24
"MI",1946,627.93
"MI",1947,148.06
"MI",1948,561.07
"MI",1949,312.1
"MI",1950,575.29
"MI",1951,221.85
"MI",1952,407.49
"MI",1953,322.98
"MI",1954,568.61
"MI",1955,309.13
"MI",1956,540.14
"MI",1957,234.85
"MI",1958,530.38
"MI",1959,147.69
"MI",1960,451.59
"MI",1961,349.41
"MI",1962,318.95
"MI",1963,516.65
"MI",1964,354.48
"MI",1965,336.98
"MI",1966,176.04
"MI",1967,13.3
"MI",1968,4.03
"MI",1969,4.46
"MI",1970,20.28
"MI",1971,28.89
"MI",1972,25.72
"MI",1973,46.65
"MI",1974,25.06
"MI",1975,35.27
"MI",1976,65.64
"MI",1977,13.5
"MI",1978,82.22
"MI",1979,9.43
"MI",1980,3.02
"MI",1981,0.35
"MI",1982,0.6
"MI",1983,0.03
"MI",1984,3.3
"MI",1985,0.75
"MI",1986,1.16
"MI",1987,0.3
"MI",1988,0.32
"MI",1989,4.23
"MI",1990,4.04
"MI",1991,0.36
"MI",1992,0.14
"MI",1993,0.07
"MI",1994,0.15
"MI",1995,0.04
"MI",1996,0.02
"MI",1997,0.08
"MI",1998,0.09
"MI",1999,0
"MI",2000,0.02
"MI",2001,NA
"MI",2002,NA
"MI",2003,NA
"MN",1928,79.13
"MN",1929,492.36
"MN",1930,218.99
"MN",1931,123.53
"MN",1932,95.11
"MN",1933,752.33
"MN",1934,313.6
"MN",1935,1062
"MN",1936,283.03
"MN",1937,25.12
"MN",1938,256.2
"MN",1939,655.68
"MN",1940,300.31
"MN",1941,35.34
"MN",1942,567.73
"MN",1943,398.01
"MN",1944,770.53
"MN",1945,62.96
"MN",1946,44.79
"MN",1947,319.35
"MN",1948,286.3
"MN",1949,114.47
"MN",1950,125.16
"MN",1951,93.36
"MN",1952,96.98
"MN",1953,136.22
"MN",1954,92.93
"MN",1955,225.27
"MN",1956,40.74
"MN",1957,229.33
"MN",1958,37.83
"MN",1959,80.06
"MN",1960,126.3
"MN",1961,20.6
"MN",1962,47.43
"MN",1963,76.78
"MN",1964,9.73
"MN",1965,26.46
"MN",1966,46.56
"MN",1967,3.76
"MN",1968,0.52
"MN",1969,0.75
"MN",1970,1.29
"MN",1971,2.06
"MN",1972,0.73
"MN",1973,0.65
"MN",1974,2.21
"MN",1975,5.83
"MN",1976,10.83
"MN",1977,68.06
"MN",1978,2.09
"MN",1979,29.85
"MN",1980,26.87
"MN",1981,0.17
"MN",1982,NA
"MN",1983,0
"MN",1984,1.08
"MN",1985,NA
"MN",1986,0.84
"MN",1987,0.65
"MN",1988,0.48
"MN",1989,0.16
"MN",1990,9.21
"MN",1991,0.63
"MN",1992,0.2
"MN",1993,NA
"MN",1994,NA
"MN",1995,NA
"MN",1996,0.37
"MN",1997,0.35
"MN",1998,NA
"MN",1999,0
"MN",2000,0.02
"MN",2001,0.04
"MN",2002,0
"MN",2003,NA
"MS",1928,0
"MS",1929,NA
"MS",1930,NA
"MS",1931,NA
"MS",1932,NA
"MS",1933,NA
"MS",1934,NA
"MS",1935,NA
"MS",1936,NA
"MS",1937,0
"MS",1938,0
"MS",1939,0
"MS",1940,0
"MS",1941,0
"MS",1942,0
"MS",1943,NA
"MS",1944,0
"MS",1945,0
"MS",1946,NA
"MS",1947,14.96
"MS",1948,58.26
"MS",1949,106.74
"MS",1950,99.49
"MS",1951,91.25
"MS",1952,64.62
"MS",1953,115.46
"MS",1954,145.94
"MS",1955,72.75
"MS",1956,107.81
"MS",1957,61.45
"MS",1958,67.5
"MS",1959,66.43
"MS",1960,76.35
"MS",1961,68.9
"MS",1962,119.04
"MS",1963,29.85
"MS",1964,261.46
"MS",1965,51.15
"MS",1966,56.99
"MS",1967,30.34
"MS",1968,10.91
"MS",1969,1.1
"MS",1970,6.07
"MS",1971,66.8
"MS",1972,9.05
"MS",1973,2.71
"MS",1974,0.61
"MS",1975,1.47
"MS",1976,0.73
"MS",1977,2.08
"MS",1978,31.21
"MS",1979,1.08
"MS",1980,3.91
"MS",1981,NA
"MS",1982,0.16
"MS",1983,0.08
"MS",1984,NA
"MS",1985,0.04
"MS",1986,0.4
"MS",1987,0.16
"MS",1988,1.27
"MS",1989,0.04
"MS",1990,0.5
"MS",1991,NA
"MS",1992,0.04
"MS",1993,NA
"MS",1994,NA
"MS",1995,NA
"MS",1996,NA
"MS",1997,0.14
"MS",1998,NA
"MS",1999,NA
"MS",2000,NA
"MS",2001,NA
"MS",2002,NA
"MS",2003,NA
"MO",1928,198.63
"MO",1929,183.46
"MO",1930,149.81
"MO",1931,369.77
"MO",1932,43.16
"MO",1933,152.96
"MO",1934,539.48
"MO",1935,345.19
"MO",1936,17.37
"MO",1937,186.45
"MO",1938,525.47
"MO",1939,76.61
"MO",1940,15.55
"MO",1941,175.17
"MO",1942,178.71
"MO",1943,196.08
"MO",1944,155.96
"MO",1945,30.22
"MO",1946,166.93
"MO",1947,33.55
"MO",1948,150.17
"MO",1949,203.8
"MO",1950,58.02
"MO",1951,188.53
"MO",1952,60.99
"MO",1953,218.84
"MO",1954,37.88
"MO",1955,96.52
"MO",1956,124.88
"MO",1957,102.2
"MO",1958,82.41
"MO",1959,84.71
"MO",1960,17.35
"MO",1961,102.09
"MO",1962,31.73
"MO",1963,64.05
"MO",1964,24.26
"MO",1965,60.2
"MO",1966,12.54
"MO",1967,7.47
"MO",1968,0.69
"MO",1969,1.57
"MO",1970,16.45
"MO",1971,42.81
"MO",1972,3.7
"MO",1973,1.15
"MO",1974,5.49
"MO",1975,5.41
"MO",1976,4.8
"MO",1977,18.57
"MO",1978,3.53
"MO",1979,9.72
"MO",1980,1
"MO",1981,0.02
"MO",1982,0.04
"MO",1983,0.04
"MO",1984,0.12
"MO",1985,0.02
"MO",1986,0.62
"MO",1987,3.76
"MO",1988,0.41
"MO",1989,9.97
"MO",1990,1.04
"MO",1991,NA
"MO",1992,0.02
"MO",1993,0
"MO",1994,0.81
"MO",1995,0
"MO",1996,0.04
"MO",1997,0.06
"MO",1998,NA
"MO",1999,0.02
"MO",2000,NA
"MO",2001,0.02
"MO",2002,0.02
"MO",2003,NA
"MT",1928,139.86
"MT",1929,817.76
"MT",1930,117.52
"MT",1931,284.85
"MT",1932,1007.97
"MT",1933,419.57
"MT",1934,355.92
"MT",1935,1422.57
"MT",1936,81.57
"MT",1937,111.71
"MT",1938,1119.76
"MT",1939,1973.32
"MT",1940,476.48
"MT",1941,161.21
"MT",1942,588.48
"MT",1943,1122.06
"MT",1944,720.79
"MT",1945,175.29
"MT",1946,422.65
"MT",1947,843.36
"MT",1948,341.6
"MT",1949,676.12
"MT",1950,300.15
"MT",1951,416.62
"MT",1952,643.92
"MT",1953,505.27
"MT",1954,749.98
"MT",1955,449.82
"MT",1956,1016.61
"MT",1957,528.64
"MT",1958,1065.44
"MT",1959,625.59
"MT",1960,313.99
"MT",1961,326.15
"MT",1962,1181.36
"MT",1963,482.41
"MT",1964,579.59
"MT",1965,556.37
"MT",1966,272.69
"MT",1967,48.96
"MT",1968,9.69
"MT",1969,17.13
"MT",1970,16.01
"MT",1971,112.98
"MT",1972,2.35
"MT",1973,48.63
"MT",1974,46.2
"MT",1975,6.98
"MT",1976,65.89
"MT",1977,119.65
"MT",1978,13.86
"MT",1979,7.87
"MT",1980,0.26
"MT",1981,NA
"MT",1982,NA
"MT",1983,NA
"MT",1984,NA
"MT",1985,20.52
"MT",1986,0.24
"MT",1987,17.11
"MT",1988,9.66
"MT",1989,1.63
"MT",1990,NA
"MT",1991,NA
"MT",1992,NA
"MT",1993,NA
"MT",1994,NA
"MT",1995,NA
"MT",1996,NA
"MT",1997,NA
"MT",1998,NA
"MT",1999,NA
"MT",2000,NA
"MT",2001,NA
"MT",2002,NA
"MT",2003,NA
"NE",1928,78.95
"NE",1929,303.03
"NE",1930,745.32
"NE",1931,24.91
"NE",1932,31.61
"NE",1933,117.35
"NE",1934,331.03
"NE",1935,639.7
"NE",1936,86.34
"NE",1937,34.46
"NE",1938,209.06
"NE",1939,276.01
"NE",1940,129.04
"NE",1941,34.6
"NE",1942,428.55
"NE",1943,401.02
"NE",1944,186.13
"NE",1945,71.57
"NE",1946,395.65
"NE",1947,37.4
"NE",1948,263.28
"NE",1949,207.99
"NE",1950,275.32
"NE",1951,41.75
"NE",1952,214.03
"NE",1953,183.75
"NE",1954,191.6
"NE",1955,12.07
"NE",1956,178.58
"NE",1957,16.79
"NE",1958,108.79
"NE",1959,29.32
"NE",1960,14.81
"NE",1961,44.19
"NE",1962,8.13
"NE",1963,15.86
"NE",1964,54.63
"NE",1965,31.99
"NE",1966,11.64
"NE",1967,36.53
"NE",1968,4.59
"NE",1969,44.87
"NE",1970,52.32
"NE",1971,4.88
"NE",1972,1.61
"NE",1973,0.37
"NE",1974,6.08
"NE",1975,25.54
"NE",1976,3.52
"NE",1977,13.69
"NE",1978,0.51
"NE",1979,4.26
"NE",1980,4.93
"NE",1981,0.25
"NE",1982,0.19
"NE",1983,NA
"NE",1984,NA
"NE",1985,NA
"NE",1986,0
"NE",1987,NA
"NE",1988,NA
"NE",1989,6.65
"NE",1990,5
"NE",1991,0
"NE",1992,NA
"NE",1993,NA
"NE",1994,0
"NE",1995,NA
"NE",1996,NA
"NE",1997,0.06
"NE",1998,NA
"NE",1999,NA
"NE",2000,NA
"NE",2001,NA
"NE",2002,NA
"NE",2003,NA
"NV",1928,NA
"NV",1929,NA
"NV",1930,NA
"NV",1931,NA
"NV",1932,NA
"NV",1933,NA
"NV",1934,NA
"NV",1935,NA
"NV",1936,NA
"NV",1937,NA
"NV",1938,NA
"NV",1939,NA
"NV",1940,0
"NV",1941,275.84
"NV",1942,811.69
"NV",1943,397.32
"NV",1944,244.43
"NV",1945,71.8
"NV",1946,125.9
"NV",1947,18.45
"NV",1948,38.12
"NV",1949,60.53
"NV",1950,67.9
"NV",1951,171.48
"NV",1952,285.31
"NV",1953,102.3
"NV",1954,182.19
"NV",1955,165.37
"NV",1956,55.2
"NV",1957,592.31
"NV",1958,73.6
"NV",1959,220.09
"NV",1960,262.89
"NV",1961,197.74
"NV",1962,191.47
"NV",1963,67.74
"NV",1964,233.77
"NV",1965,50.71
"NV",1966,14.34
"NV",1967,59.9
"NV",1968,1.74
"NV",1969,0.21
"NV",1970,4.03
"NV",1971,1.28
"NV",1972,0.18
"NV",1973,0.17
"NV",1974,26.76
"NV",1975,4.3
"NV",1976,12.4
"NV",1977,10.87
"NV",1978,2.6
"NV",1979,2.61
"NV",1980,1.43
"NV",1981,1.58
"NV",1982,NA
"NV",1983,0.22
"NV",1984,NA
"NV",1985,NA
"NV",1986,0.3
"NV",1987,0.19
"NV",1988,NA
"NV",1989,0.99
"NV",1990,17.71
"NV",1991,1.47
"NV",1992,0.07
"NV",1993,0.07
"NV",1994,NA
"NV",1995,0.06
"NV",1996,0.24
"NV",1997,0.06
"NV",1998,NA
"NV",1999,0
"NV",2000,0.35
"NV",2001,NA
"NV",2002,0
"NV",2003,NA
"NH",1928,272.15
"NH",1929,344.53
"NH",1930,126.38
"NH",1931,299.15
"NH",1932,151.26
"NH",1933,218.48
"NH",1934,846.7
"NH",1935,55.13
"NH",1936,185.39
"NH",1937,393.13
"NH",1938,341.34
"NH",1939,133.99
"NH",1940,147.66
"NH",1941,201.98
"NH",1942,167.14
"NH",1943,211.18
"NH",1944,126.01
"NH",1945,33.9
"NH",1946,226.71
"NH",1947,61.04
"NH",1948,77.54
"NH",1949,230.6
"NH",1950,34.4
"NH",1951,196.44
"NH",1952,447.27
"NH",1953,50.71
"NH",1954,168.21
"NH",1955,831.44
"NH",1956,35.34
"NH",1957,69.01
"NH",1958,368.01
"NH",1959,76.52
"NH",1960,186.36
"NH",1961,234.64
"NH",1962,163.62
"NH",1963,6.44
"NH",1964,134.65
"NH",1965,55.03
"NH",1966,11.59
"NH",1967,3.86
"NH",1968,21.01
"NH",1969,27.1
"NH",1970,8.4
"NH",1971,26.65
"NH",1972,98.96
"NH",1973,90.34
"NH",1974,20.26
"NH",1975,2.39
"NH",1976,1.13
"NH",1977,29.05
"NH",1978,7.15
"NH",1979,3.18
"NH",1980,26.69
"NH",1981,0.98
"NH",1982,0.5
"NH",1983,NA
"NH",1984,3.3
"NH",1985,NA
"NH",1986,2.62
"NH",1987,16.24
"NH",1988,10.23
"NH",1989,1.44
"NH",1990,NA
"NH",1991,NA
"NH",1992,1.44
"NH",1993,0.18
"NH",1994,0
"NH",1995,NA
"NH",1996,NA
"NH",1997,1.93
"NH",1998,NA
"NH",1999,0
"NH",2000,0.24
"NH",2001,NA
"NH",2002,NA
"NH",2003,NA
"NJ",1928,797.14
"NJ",1929,181.86
"NJ",1930,602.87
"NJ",1931,494.19
"NJ",1932,373.96
"NJ",1933,726.94
"NJ",1934,359.92
"NJ",1935,792.91
"NJ",1936,215.06
"NJ",1937,1108.94
"NJ",1938,716.98
"NJ",1939,104.83
"NJ",1940,301.99
"NJ",1941,1044.54
"NJ",1942,322.1
"NJ",1943,927.14
"NJ",1944,658.66
"NJ",1945,78.87
"NJ",1946,1151.75
"NJ",1947,250.71
"NJ",1948,715.45
"NJ",1949,705.08
"NJ",1950,601.68
"NJ",1951,395.01
"NJ",1952,1282.7
"NJ",1953,81.21
"NJ",1954,445.79
"NJ",1955,937.1
"NJ",1956,340.37
"NJ",1957,458.1
"NJ",1958,429.08
"NJ",1959,502.21
"NJ",1960,175.27
"NJ",1961,293.59
"NJ",1962,510.19
"NJ",1963,160.62
"NJ",1964,176.38
"NJ",1965,61.18
"NJ",1966,29.39
"NJ",1967,8.8
"NJ",1968,9.74
"NJ",1969,13.46
"NJ",1970,23.46
"NJ",1971,17.39
"NJ",1972,5.64
"NJ",1973,10.1
"NJ",1974,75.03
"NJ",1975,6.48
"NJ",1976,8.56
"NJ",1977,2.67
"NJ",1978,1.01
"NJ",1979,0.66
"NJ",1980,8.92
"NJ",1981,0.77
"NJ",1982,0.08
"NJ",1983,0.36
"NJ",1984,0.07
"NJ",1985,0.31
"NJ",1986,11.6
"NJ",1987,0.5
"NJ",1988,4.25
"NJ",1989,5.28
"NJ",1990,2.47
"NJ",1991,13.05
"NJ",1992,0.4
"NJ",1993,0.06
"NJ",1994,1.68
"NJ",1995,0.04
"NJ",1996,0
"NJ",1997,0.02
"NJ",1998,0.08
"NJ",1999,NA
"NJ",2000,NA
"NJ",2001,0.01
"NJ",2002,NA
"NJ",2003,NA
"NM",1928,663.41
"NM",1929,54.78
"NM",1930,529.23
"NM",1931,324.57
"NM",1932,271.9
"NM",1933,148.8
"NM",1934,731.9
"NM",1935,147.97
"NM",1936,234.94
"NM",1937,487.27
"NM",1938,628.89
"NM",1939,316.1
"NM",1940,216.63
"NM",1941,778.1
"NM",1942,315.64
"NM",1943,105.71
"NM",1944,303.73
"NM",1945,67.9
"NM",1946,215.41
"NM",1947,226.78
"NM",1948,174.64
"NM",1949,671.44
"NM",1950,136.02
"NM",1951,297.51
"NM",1952,210.63
"NM",1953,662.89
"NM",1954,355.99
"NM",1955,621.75
"NM",1956,495.32
"NM",1957,747.33
"NM",1958,912.17
"NM",1959,484.03
"NM",1960,6.81
"NM",1961,2.07
"NM",1962,NA
"NM",1963,NA
"NM",1964,111.15
"NM",1965,68.59
"NM",1966,126.32
"NM",1967,61.2
"NM",1968,17.64
"NM",1969,28.3
"NM",1970,28.59
"NM",1971,37.27
"NM",1972,12.07
"NM",1973,14.03
"NM",1974,5.35
"NM",1975,9.07
"NM",1976,1.3
"NM",1977,1.92
"NM",1978,NA
"NM",1979,3.15
"NM",1980,0.99
"NM",1981,1.1
"NM",1982,NA
"NM",1983,NA
"NM",1984,5.09
"NM",1985,0.28
"NM",1986,2.6
"NM",1987,10.55
"NM",1988,NA
"NM",1989,1.4
"NM",1990,6.66
"NM",1991,4.92
"NM",1992,0.06
"NM",1993,NA
"NM",1994,NA
"NM",1995,1.82
"NM",1996,0.96
"NM",1997,0.4
"NM",1998,NA
"NM",1999,NA
"NM",2000,NA
"NM",2001,NA
"NM",2002,NA
"NM",2003,NA
"NY",1928,649.97
"NY",1929,249.09
"NY",1930,315.39
"NY",1931,423.22
"NY",1932,465.06
"NY",1933,549
"NY",1934,258.13
"NY",1935,516.43
"NY",1936,477.48
"NY",1937,202.81
"NY",1938,518.84
"NY",1939,331.36
"NY",1940,212.23
"NY",1941,789.51
"NY",1942,191.24
"NY",1943,478.18
"NY",1944,334.85
"NY",1945,52.41
"NY",1946,600.82
"NY",1947,108
"NY",1948,330.91
"NY",1949,353.09
"NY",1950,201.33
"NY",1951,240.63
"NY",1952,500.59
"NY",1953,74.14
"NY",1954,548.37
"NY",1955,241.44
"NY",1956,308.53
"NY",1957,233.63
"NY",1958,364.15
"NY",1959,140.21
"NY",1960,277.27
"NY",1961,207.29
"NY",1962,273
"NY",1963,107.71
"NY",1964,156.92
"NY",1965,52.37
"NY",1966,61.06
"NY",1967,6.68
"NY",1968,21.07
"NY",1969,30.48
"NY",1970,8.57
"NY",1971,23.92
"NY",1972,3.61
"NY",1973,9.79
"NY",1974,7.83
"NY",1975,6.83
"NY",1976,17.38
"NY",1977,26.19
"NY",1978,10.44
"NY",1979,8.94
"NY",1980,11.01
"NY",1981,1.97
"NY",1982,1.09
"NY",1983,0.21
"NY",1984,0.84
"NY",1985,0.92
"NY",1986,5.31
"NY",1987,2.47
"NY",1988,0.54
"NY",1989,1.63
"NY",1990,4.48
"NY",1991,7.8
"NY",1992,0.62
"NY",1993,0
"NY",1994,0.34
"NY",1995,0.02
"NY",1996,NA
"NY",1997,0.14
"NY",1998,NA
"NY",1999,NA
"NY",2000,0.02
"NY",2001,0
"NY",2002,0.01
"NY",2003,NA
"NC",1928,1823.69
"NC",1929,38.49
"NC",1930,41.17
"NC",1931,480.48
"NC",1932,423.04
"NC",1933,495.59
"NC",1934,1685.34
"NC",1935,323.87
"NC",1936,40.3
"NC",1937,226.07
"NC",1938,1383.37
"NC",1939,664.5
"NC",1940,210.27
"NC",1941,658.4
"NC",1942,564.86
"NC",1943,165.96
"NC",1944,671.48
"NC",1945,72.5
"NC",1946,225.16
"NC",1947,127.63
"NC",1948,26.97
"NC",1949,442.46
"NC",1950,118.87
"NC",1951,81.37
"NC",1952,93.5
"NC",1953,115.47
"NC",1954,229.32
"NC",1955,29.68
"NC",1956,178.8
"NC",1957,43.64
"NC",1958,93.73
"NC",1959,73.12
"NC",1960,27.06
"NC",1961,110.7
"NC",1962,19.27
"NC",1963,30.53
"NC",1964,26.32
"NC",1965,8.59
"NC",1966,15.88
"NC",1967,19.03
"NC",1968,6.48
"NC",1969,7.46
"NC",1970,19.47
"NC",1971,35.89
"NC",1972,0.71
"NC",1973,0.12
"NC",1974,0.12
"NC",1975,0.06
"NC",1976,0.35
"NC",1977,0.93
"NC",1978,2.15
"NC",1979,1.97
"NC",1980,2.21
"NC",1981,0.1
"NC",1982,0.04
"NC",1983,NA
"NC",1984,NA
"NC",1985,0.14
"NC",1986,0.07
"NC",1987,0.23
"NC",1988,0.03
"NC",1989,2.99
"NC",1990,0.71
"NC",1991,0.64
"NC",1992,0.36
"NC",1993,NA
"NC",1994,0.04
"NC",1995,NA
"NC",1996,0.05
"NC",1997,0.02
"NC",1998,NA
"NC",1999,0
"NC",2000,NA
"NC",2001,NA
"NC",2002,NA
"NC",2003,NA
"ND",1928,55.73
"ND",1929,339.19
"ND",1930,117
"ND",1931,142.06
"ND",1932,318.07
"ND",1933,373.64
"ND",1934,657.63
"ND",1935,290.45
"ND",1936,16.52
"ND",1937,8.4
"ND",1938,863.45
"ND",1939,843.21
"ND",1940,149.05
"ND",1941,223.2
"ND",1942,274.08
"ND",1943,798.53
"ND",1944,644.36
"ND",1945,64.11
"ND",1946,40.84
"ND",1947,236.08
"ND",1948,214.45
"ND",1949,245.95
"ND",1950,63.62
"ND",1951,426.98
"ND",1952,432.14
"ND",1953,254.43
"ND",1954,454.18
"ND",1955,407.81
"ND",1956,362.47
"ND",1957,629.25
"ND",1958,714.58
"ND",1959,899.54
"ND",1960,390.56
"ND",1961,439
"ND",1962,583.22
"ND",1963,677.98
"ND",1964,813.23
"ND",1965,623.26
"ND",1966,212.64
"ND",1967,143.16
"ND",1968,22.83
"ND",1969,13.03
"ND",1970,51.25
"ND",1971,36.17
"ND",1972,9.49
"ND",1973,11.22
"ND",1974,5.82
"ND",1975,131.87
"ND",1976,0.46
"ND",1977,4.74
"ND",1978,27.44
"ND",1979,2.6
"ND",1980,0
"ND",1981,NA
"ND",1982,NA
"ND",1983,NA
"ND",1984,NA
"ND",1985,0.15
"ND",1986,3.17
"ND",1987,0
"ND",1988,NA
"ND",1989,NA
"ND",1990,NA
"ND",1991,NA
"ND",1992,NA
"ND",1993,NA
"ND",1994,NA
"ND",1995,NA
"ND",1996,NA
"ND",1997,0.15
"ND",1998,NA
"ND",1999,NA
"ND",2000,NA
"ND",2001,NA
"ND",2002,NA
"ND",2003,NA
"OH",1928,355.92
"OH",1929,561.14
"OH",1930,277.6
"OH",1931,291.32
"OH",1932,539.34
"OH",1933,233.67
"OH",1934,410.5
"OH",1935,544.79
"OH",1936,136.53
"OH",1937,366.37
"OH",1938,694.27
"OH",1939,74
"OH",1940,22.4
"OH",1941,1132.77
"OH",1942,127.08
"OH",1943,276.41
"OH",1944,557.93
"OH",1945,49.82
"OH",1946,200.43
"OH",1947,239.45
"OH",1948,282.32
"OH",1949,268.29
"OH",1950,161.84
"OH",1951,295.76
"OH",1952,248
"OH",1953,314.96
"OH",1954,322.29
"OH",1955,170.31
"OH",1956,477.29
"OH",1957,86.94
"OH",1958,312.78
"OH",1959,124.39
"OH",1960,191.15
"OH",1961,208.73
"OH",1962,118.46
"OH",1963,146.63
"OH",1964,191.15
"OH",1965,90.96
"OH",1966,63.04
"OH",1967,11.74
"OH",1968,3.25
"OH",1969,5.38
"OH",1970,37.7
"OH",1971,37.07
"OH",1972,2.82
"OH",1973,3.77
"OH",1974,27.44
"OH",1975,1.1
"OH",1976,6.76
"OH",1977,17.29
"OH",1978,4.67
"OH",1979,3.02
"OH",1980,3.54
"OH",1981,0.2
"OH",1982,0.03
"OH",1983,0.83
"OH",1984,0.1
"OH",1985,0
"OH",1986,NA
"OH",1987,0.01
"OH",1988,0.88
"OH",1989,25.09
"OH",1990,5.22
"OH",1991,0.11
"OH",1992,0.05
"OH",1993,0.11
"OH",1994,0.04
"OH",1995,0.02
"OH",1996,0.06
"OH",1997,0.3
"OH",1998,0
"OH",1999,NA
"OH",2000,0.03
"OH",2001,0.01
"OH",2002,0
"OH",2003,NA
"OK",1928,268.71
"OK",1929,46.19
"OK",1930,164.93
"OK",1931,32.17
"OK",1932,43.17
"OK",1933,101.87
"OK",1934,378.08
"OK",1935,102.91
"OK",1936,15.22
"OK",1937,45.62
"OK",1938,116.62
"OK",1939,194.44
"OK",1940,60.4
"OK",1941,88.78
"OK",1942,260.92
"OK",1943,76.06
"OK",1944,166.8
"OK",1945,51.13
"OK",1946,188.97
"OK",1947,10.79
"OK",1948,66.02
"OK",1949,354.07
"OK",1950,27.43
"OK",1951,359.94
"OK",1952,92.03
"OK",1953,173.09
"OK",1954,152.18
"OK",1955,132.27
"OK",1956,440.45
"OK",1957,66.1
"OK",1958,317.88
"OK",1959,29.15
"OK",1960,51.72
"OK",1961,25.07
"OK",1962,86.46
"OK",1963,14.17
"OK",1964,42.41
"OK",1965,9.97
"OK",1966,25.25
"OK",1967,32.35
"OK",1968,4.96
"OK",1969,5.63
"OK",1970,30.63
"OK",1971,25.06
"OK",1972,0.5
"OK",1973,2.46
"OK",1974,1.1
"OK",1975,9.64
"OK",1976,9.99
"OK",1977,1.72
"OK",1978,0.91
"OK",1979,0.85
"OK",1980,22.66
"OK",1981,0.24
"OK",1982,0.99
"OK",1983,0.03
"OK",1984,0.27
"OK",1985,NA
"OK",1986,0.99
"OK",1987,0.12
"OK",1988,0.25
"OK",1989,4.03
"OK",1990,5.6
"OK",1991,NA
"OK",1992,0.25
"OK",1993,NA
"OK",1994,NA
"OK",1995,NA
"OK",1996,NA
"OK",1997,0
"OK",1998,NA
"OK",1999,NA
"OK",2000,NA
"OK",2001,NA
"OK",2002,NA
"OK",2003,NA
"OR",1928,223.09
"OR",1929,492.32
"OR",1930,276.36
"OR",1931,242.56
"OR",1932,514.2
"OR",1933,230.37
"OR",1934,193.5
"OR",1935,705.43
"OR",1936,919.15
"OR",1937,38.19
"OR",1938,121.89
"OR",1939,219.8
"OR",1940,671.12
"OR",1941,607.51
"OR",1942,499.14
"OR",1943,693.95
"OR",1944,239.87
"OR",1945,156.32
"OR",1946,453.37
"OR",1947,71.91
"OR",1948,367.6
"OR",1949,684.38
"OR",1950,49.38
"OR",1951,617.84
"OR",1952,209.73
"OR",1953,558.14
"OR",1954,244.37
"OR",1955,295.16
"OR",1956,135.02
"OR",1957,879.25
"OR",1958,529.02
"OR",1959,447.57
"OR",1960,624.94
"OR",1961,322.05
"OR",1962,766.23
"OR",1963,258.3
"OR",1964,453.01
"OR",1965,181.74
"OR",1966,126.91
"OR",1967,86.72
"OR",1968,30.7
"OR",1969,9.83
"OR",1970,21.15
"OR",1971,15.97
"OR",1972,8.95
"OR",1973,19.52
"OR",1974,1.03
"OR",1975,8.43
"OR",1976,7.12
"OR",1977,12.77
"OR",1978,20.58
"OR",1979,2.78
"OR",1980,0.08
"OR",1981,0.2
"OR",1982,0.72
"OR",1983,0.4
"OR",1984,NA
"OR",1985,0.19
"OR",1986,0.26
"OR",1987,3.01
"OR",1988,1.3
"OR",1989,1.45
"OR",1990,1.35
"OR",1991,2.78
"OR",1992,0.29
"OR",1993,NA
"OR",1994,NA
"OR",1995,0.09
"OR",1996,0.33
"OR",1997,0.09
"OR",1998,NA
"OR",1999,0.15
"OR",2000,NA
"OR",2001,0.18
"OR",2002,NA
"OR",2003,NA
"PA",1928,583.95
"PA",1929,489.56
"PA",1930,356.56
"PA",1931,821.6
"PA",1932,470.69
"PA",1933,336.38
"PA",1934,848.11
"PA",1935,917.36
"PA",1936,243.53
"PA",1937,390.89
"PA",1938,1329.75
"PA",1939,186.57
"PA",1940,148.62
"PA",1941,1011.32
"PA",1942,380.42
"PA",1943,563.08
"PA",1944,256.56
"PA",1945,127.31
"PA",1946,611.47
"PA",1947,113.41
"PA",1948,306.69
"PA",1949,483.96
"PA",1950,165.44
"PA",1951,299.86
"PA",1952,358.5
"PA",1953,146.18
"PA",1954,351.84
"PA",1955,170.43
"PA",1956,397.95
"PA",1957,117.09
"PA",1958,307.18
"PA",1959,247.52
"PA",1960,59.7
"PA",1961,226.11
"PA",1962,83.08
"PA",1963,106.13
"PA",1964,101.85
"PA",1965,57.21
"PA",1966,47.16
"PA",1967,6.81
"PA",1968,2.54
"PA",1969,10.66
"PA",1970,17.65
"PA",1971,15.63
"PA",1972,0.61
"PA",1973,3.44
"PA",1974,7.74
"PA",1975,4.78
"PA",1976,28.5
"PA",1977,27.09
"PA",1978,2.81
"PA",1979,0.57
"PA",1980,9.49
"PA",1981,4.33
"PA",1982,0.07
"PA",1983,NA
"PA",1984,0.04
"PA",1985,0.33
"PA",1986,0.25
"PA",1987,0.26
"PA",1988,4.4
"PA",1989,2
"PA",1990,3.77
"PA",1991,11.72
"PA",1992,0.08
"PA",1993,NA
"PA",1994,0.07
"PA",1995,0.01
"PA",1996,0.1
"PA",1997,0.13
"PA",1998,0.03
"PA",1999,NA
"PA",2000,0
"PA",2001,0.05
"PA",2002,NA
"PA",2003,NA
"RI",1928,735.32
"RI",1929,270.62
"RI",1930,39.23
"RI",1931,665.05
"RI",1932,1472.69
"RI",1933,9.36
"RI",1934,65.79
"RI",1935,994.05
"RI",1936,368.69
"RI",1937,679.22
"RI",1938,35.95
"RI",1939,416.85
"RI",1940,467.72
"RI",1941,57.67
"RI",1942,609.25
"RI",1943,296.39
"RI",1944,535.99
"RI",1945,55.54
"RI",1946,160.61
"RI",1947,507.34
"RI",1948,48.43
"RI",1949,561.61
"RI",1950,30.68
"RI",1951,113.3
"RI",1952,665.78
"RI",1953,61.97
"RI",1954,223.67
"RI",1955,657.21
"RI",1956,22.43
"RI",1957,72.67
"RI",1958,496.84
"RI",1959,35.92
"RI",1960,227.84
"RI",1961,766.11
"RI",1962,378.97
"RI",1963,139.6
"RI",1964,279.32
"RI",1965,444.82
"RI",1966,9.75
"RI",1967,6.82
"RI",1968,7.28
"RI",1969,2.9
"RI",1970,11.4
"RI",1971,24.72
"RI",1972,52.25
"RI",1973,68.09
"RI",1974,6.58
"RI",1975,0.54
"RI",1976,2.23
"RI",1977,6.76
"RI",1978,0.85
"RI",1979,10.88
"RI",1980,0.2
"RI",1981,NA
"RI",1982,NA
"RI",1983,NA
"RI",1984,NA
"RI",1985,NA
"RI",1986,0.2
"RI",1987,0.2
"RI",1988,NA
"RI",1989,3.9
"RI",1990,2.99
"RI",1991,0.4
"RI",1992,2.28
"RI",1993,0.1
"RI",1994,0.7
"RI",1995,0.49
"RI",1996,NA
"RI",1997,0.49
"RI",1998,NA
"RI",1999,NA
"RI",2000,NA
"RI",2001,NA
"RI",2002,NA
"RI",2003,NA
"SC",1928,1138.49
"SC",1929,12.2
"SC",1930,14.45
"SC",1931,189.95
"SC",1932,182.58
"SC",1933,360.64
"SC",1934,637.61
"SC",1935,46.26
"SC",1936,48.24
"SC",1937,99.18
"SC",1938,373.4
"SC",1939,60.34
"SC",1940,32.32
"SC",1941,481.97
"SC",1942,218.23
"SC",1943,153.66
"SC",1944,363.6
"SC",1945,78.91
"SC",1946,358.19
"SC",1947,161.86
"SC",1948,120.65
"SC",1949,453.08
"SC",1950,90.62
"SC",1951,34.31
"SC",1952,81.69
"SC",1953,89.38
"SC",1954,254.91
"SC",1955,53.33
"SC",1956,384.74
"SC",1957,248.22
"SC",1958,472.18
"SC",1959,82.91
"SC",1960,53.68
"SC",1961,136.63
"SC",1962,38.4
"SC",1963,95.75
"SC",1964,161.62
"SC",1965,50.55
"SC",1966,26.31
"SC",1967,20.44
"SC",1968,1.52
"SC",1969,5.34
"SC",1970,24.01
"SC",1971,32.77
"SC",1972,7.63
"SC",1973,2.86
"SC",1974,1.96
"SC",1975,0.57
"SC",1976,0.15
"SC",1977,3.28
"SC",1978,6.44
"SC",1979,3.35
"SC",1980,5.02
"SC",1981,0
"SC",1982,NA
"SC",1983,NA
"SC",1984,NA
"SC",1985,0.03
"SC",1986,7.54
"SC",1987,0.06
"SC",1988,NA
"SC",1989,0.52
"SC",1990,0.12
"SC",1991,0.37
"SC",1992,0.8
"SC",1993,NA
"SC",1994,NA
"SC",1995,NA
"SC",1996,NA
"SC",1997,0.05
"SC",1998,NA
"SC",1999,NA
"SC",2000,NA
"SC",2001,NA
"SC",2002,NA
"SC",2003,NA
"SD",1928,160.16
"SD",1929,167.77
"SD",1930,346.31
"SD",1931,212.36
"SD",1932,96.37
"SD",1933,299.08
"SD",1934,1373.94
"SD",1935,167.25
"SD",1936,33.6
"SD",1937,9.84
"SD",1938,212.46
"SD",1939,1173.78
"SD",1940,253.83
"SD",1941,61.34
"SD",1942,143.09
"SD",1943,507.31
"SD",1944,258.73
"SD",1945,100.63
"SD",1946,189.69
"SD",1947,218.3
"SD",1948,140.26
"SD",1949,157.39
"SD",1950,102.59
"SD",1951,106.72
"SD",1952,115.26
"SD",1953,68.81
"SD",1954,123.53
"SD",1955,63.59
"SD",1956,86.75
"SD",1957,81.49
"SD",1958,18.41
"SD",1959,129.12
"SD",1960,17.59
"SD",1961,21.72
"SD",1962,64.25
"SD",1963,12.53
"SD",1964,9.86
"SD",1965,16.73
"SD",1966,5.87
"SD",1967,8.67
"SD",1968,0.6
"SD",1969,7.64
"SD",1970,15.79
"SD",1971,31.34
"SD",1972,1.78
"SD",1973,0.44
"SD",1974,4.12
"SD",1975,51.88
"SD",1976,0.74
"SD",1977,10.62
"SD",1978,NA
"SD",1979,0.28
"SD",1980,NA
"SD",1981,NA
"SD",1982,NA
"SD",1983,NA
"SD",1984,NA
"SD",1985,NA
"SD",1986,NA
"SD",1987,NA
"SD",1988,NA
"SD",1989,NA
"SD",1990,2.29
"SD",1991,NA
"SD",1992,NA
"SD",1993,NA
"SD",1994,NA
"SD",1995,NA
"SD",1996,NA
"SD",1997,1.2
"SD",1998,NA
"SD",1999,NA
"SD",2000,NA
"SD",2001,NA
"SD",2002,NA
"SD",2003,NA
"TN",1928,315.43
"TN",1929,33.04
"TN",1930,179.91
"TN",1931,134.79
"TN",1932,68.99
"TN",1933,133.48
"TN",1934,647.85
"TN",1935,51.31
"TN",1936,50.18
"TN",1937,106.41
"TN",1938,403.65
"TN",1939,108.43
"TN",1940,95.17
"TN",1941,278.13
"TN",1942,106.34
"TN",1943,194.95
"TN",1944,184.38
"TN",1945,65.8
"TN",1946,150.47
"TN",1947,61
"TN",1948,127.54
"TN",1949,252.76
"TN",1950,104.1
"TN",1951,80.64
"TN",1952,200.48
"TN",1953,84.73
"TN",1954,416.4
"TN",1955,172.07
"TN",1956,617
"TN",1957,455.99
"TN",1958,793.55
"TN",1959,275.98
"TN",1960,535.9
"TN",1961,403.1
"TN",1962,666.32
"TN",1963,183.55
"TN",1964,629.43
"TN",1965,238.12
"TN",1966,332.74
"TN",1967,53.62
"TN",1968,1.73
"TN",1969,0.53
"TN",1970,13.53
"TN",1971,24.69
"TN",1972,4.66
"TN",1973,3.9
"TN",1974,1.29
"TN",1975,4.09
"TN",1976,4.8
"TN",1977,15.75
"TN",1978,22.26
"TN",1979,1.73
"TN",1980,3.83
"TN",1981,0.08
"TN",1982,0.12
"TN",1983,0.02
"TN",1984,NA
"TN",1985,NA
"TN",1986,1.2
"TN",1987,NA
"TN",1988,0.02
"TN",1989,2.85
"TN",1990,1.93
"TN",1991,0.2
"TN",1992,NA
"TN",1993,0
"TN",1994,0.53
"TN",1995,NA
"TN",1996,0.04
"TN",1997,0.05
"TN",1998,0
"TN",1999,NA
"TN",2000,NA
"TN",2001,NA
"TN",2002,NA
"TN",2003,NA
"TX",1928,97.35
"TX",1929,71.28
"TX",1930,73.12
"TX",1931,39.56
"TX",1932,76.58
"TX",1933,361.4
"TX",1934,490.66
"TX",1935,64.07
"TX",1936,125.58
"TX",1937,235.14
"TX",1938,95.34
"TX",1939,115.98
"TX",1940,249.88
"TX",1941,308.34
"TX",1942,517.23
"TX",1943,233.42
"TX",1944,542.2
"TX",1945,188.86
"TX",1946,410.13
"TX",1947,109.48
"TX",1948,583.88
"TX",1949,749.48
"TX",1950,175.65
"TX",1951,808.78
"TX",1952,283.26
"TX",1953,885.82
"TX",1954,906.12
"TX",1955,455.73
"TX",1956,755.24
"TX",1957,471.87
"TX",1958,889.53
"TX",1959,360.65
"TX",1960,516.19
"TX",1961,164.07
"TX",1962,665.61
"TX",1963,164.36
"TX",1964,383.18
"TX",1965,284.32
"TX",1966,239.95
"TX",1967,125.32
"TX",1968,47.58
"TX",1969,44.87
"TX",1970,72.35
"TX",1971,77.41
"TX",1972,13.17
"TX",1973,4.06
"TX",1974,1.43
"TX",1975,2.23
"TX",1976,2.04
"TX",1977,13.99
"TX",1978,7.54
"TX",1979,4.54
"TX",1980,1.34
"TX",1981,6.03
"TX",1982,1.15
"TX",1983,0.24
"TX",1984,3.33
"TX",1985,2.56
"TX",1986,2.27
"TX",1987,2.51
"TX",1988,0.09
"TX",1989,18.43
"TX",1990,22.86
"TX",1991,1.23
"TX",1992,5.67
"TX",1993,0.06
"TX",1994,0.1
"TX",1995,0.09
"TX",1996,0.18
"TX",1997,0.07
"TX",1998,NA
"TX",1999,0.01
"TX",2000,NA
"TX",2001,0
"TX",2002,0
"TX",2003,NA
"UT",1928,16.83
"UT",1929,68.9
"UT",1930,1044.79
"UT",1931,29.72
"UT",1932,13.91
"UT",1933,402.1
"UT",1934,2184.87
"UT",1935,50.16
"UT",1936,117.89
"UT",1937,396.79
"UT",1938,1808.86
"UT",1939,1002.23
"UT",1940,1363.22
"UT",1941,281.09
"UT",1942,2589.06
"UT",1943,1211.27
"UT",1944,200.67
"UT",1945,746.1
"UT",1946,1244.57
"UT",1947,99.24
"UT",1948,910.94
"UT",1949,526.54
"UT",1950,879.2
"UT",1951,331.4
"UT",1952,652.51
"UT",1953,775.41
"UT",1954,1043.86
"UT",1955,101.05
"UT",1956,284.17
"UT",1957,1749.89
"UT",1958,458.83
"UT",1959,670.89
"UT",1960,551.77
"UT",1961,179.6
"UT",1962,430.57
"UT",1963,316.23
"UT",1964,260.75
"UT",1965,444.86
"UT",1966,68.2
"UT",1967,37.81
"UT",1968,2.04
"UT",1969,1.09
"UT",1970,3.52
"UT",1971,30.04
"UT",1972,13.71
"UT",1973,10.74
"UT",1974,1.21
"UT",1975,27.85
"UT",1976,166.51
"UT",1977,1.75
"UT",1978,3.24
"UT",1979,1.52
"UT",1980,2.98
"UT",1981,NA
"UT",1982,0.19
"UT",1983,0.61
"UT",1984,1.69
"UT",1985,NA
"UT",1986,0.78
"UT",1987,NA
"UT",1988,NA
"UT",1989,6.9
"UT",1990,8.5
"UT",1991,12.36
"UT",1992,NA
"UT",1993,NA
"UT",1994,7.8
"UT",1995,0
"UT",1996,5.77
"UT",1997,0.05
"UT",1998,NA
"UT",1999,0.1
"UT",2000,0.13
"UT",2001,NA
"UT",2002,0
"UT",2003,NA
"VT",1928,334.8
"VT",1929,105.31
"VT",1930,236.69
"VT",1931,318.4
"VT",1932,1146.08
"VT",1933,312.58
"VT",1934,380.66
"VT",1935,389.3
"VT",1936,2974.79
"VT",1937,289.31
"VT",1938,1652.64
"VT",1939,1029.19
"VT",1940,241.07
"VT",1941,384.64
"VT",1942,1071.29
"VT",1943,2323.73
"VT",1944,751.46
"VT",1945,179.96
"VT",1946,858.63
"VT",1947,1348.83
"VT",1948,407.12
"VT",1949,1711.37
"VT",1950,157.47
"VT",1951,1130.93
"VT",1952,1397.32
"VT",1953,148.93
"VT",1954,760.21
"VT",1955,1894.94
"VT",1956,340.86
"VT",1957,761.46
"VT",1958,549.2
"VT",1959,525.59
"VT",1960,893.32
"VT",1961,295.88
"VT",1962,518.32
"VT",1963,405.8
"VT",1964,596.77
"VT",1965,360.66
"VT",1966,79.16
"VT",1967,9.96
"VT",1968,1.85
"VT",1969,0.69
"VT",1970,1.98
"VT",1971,26.6
"VT",1972,17.07
"VT",1973,25.57
"VT",1974,11.88
"VT",1975,15.28
"VT",1976,34.37
"VT",1977,47.16
"VT",1978,10.52
"VT",1979,23.31
"VT",1980,41.88
"VT",1981,0.38
"VT",1982,0.38
"VT",1983,NA
"VT",1984,0.76
"VT",1985,NA
"VT",1986,NA
"VT",1987,3.99
"VT",1988,NA
"VT",1989,0.18
"VT",1990,NA
"VT",1991,0.71
"VT",1992,NA
"VT",1993,5.36
"VT",1994,0.17
"VT",1995,NA
"VT",1996,0.17
"VT",1997,9.88
"VT",1998,0
"VT",1999,NA
"VT",2000,0.16
"VT",2001,0.16
"VT",2002,NA
"VT",2003,NA
"VA",1928,NA
"VA",1929,NA
"VA",1930,NA
"VA",1931,NA
"VA",1932,53.4
"VA",1933,351.88
"VA",1934,1158.76
"VA",1935,727.35
"VA",1936,127.83
"VA",1937,337.39
"VA",1938,475.81
"VA",1939,394.24
"VA",1940,203.84
"VA",1941,1035.28
"VA",1942,177.59
"VA",1943,341.34
"VA",1944,475.42
"VA",1945,64.45
"VA",1946,385.83
"VA",1947,242.18
"VA",1948,191.3
"VA",1949,649.31
"VA",1950,85.42
"VA",1951,408.71
"VA",1952,376.52
"VA",1953,138.96
"VA",1954,673.56
"VA",1955,120.1
"VA",1956,634.53
"VA",1957,128.67
"VA",1958,550.15
"VA",1959,349.29
"VA",1960,185.6
"VA",1961,285.95
"VA",1962,231.09
"VA",1963,172.45
"VA",1964,274.81
"VA",1965,93.32
"VA",1966,50.58
"VA",1967,51.99
"VA",1968,9.49
"VA",1969,20.26
"VA",1970,51.91
"VA",1971,32.37
"VA",1972,1.54
"VA",1973,8.74
"VA",1974,0.86
"VA",1975,0.85
"VA",1976,16.49
"VA",1977,50.79
"VA",1978,49.89
"VA",1979,6.01
"VA",1980,6.57
"VA",1981,0.24
"VA",1982,0.15
"VA",1983,0.37
"VA",1984,0.07
"VA",1985,0.47
"VA",1986,0.85
"VA",1987,0.02
"VA",1988,3.48
"VA",1989,0.42
"VA",1990,1.22
"VA",1991,0.36
"VA",1992,0.25
"VA",1993,NA
"VA",1994,0.04
"VA",1995,NA
"VA",1996,0.01
"VA",1997,0.03
"VA",1998,0
"VA",1999,0.25
"VA",2000,0.03
"VA",2001,0.01
"VA",2002,NA
"VA",2003,NA
"WA",1928,344.82
"WA",1929,248.6
"WA",1930,631.64
"WA",1931,197.43
"WA",1932,631.93
"WA",1933,155.84
"WA",1934,473.84
"WA",1935,525.47
"WA",1936,463.74
"WA",1937,103.34
"WA",1938,112.23
"WA",1939,1158.16
"WA",1940,919.59
"WA",1941,118.23
"WA",1942,645.64
"WA",1943,765.07
"WA",1944,264.04
"WA",1945,291.68
"WA",1946,513.61
"WA",1947,63.82
"WA",1948,482.29
"WA",1949,551.2
"WA",1950,142.61
"WA",1951,733.32
"WA",1952,243.78
"WA",1953,473.15
"WA",1954,857.47
"WA",1955,425.03
"WA",1956,481.3
"WA",1957,614.37
"WA",1958,384.18
"WA",1959,512.47
"WA",1960,456.2
"WA",1961,301.32
"WA",1962,704.07
"WA",1963,166.94
"WA",1964,674.69
"WA",1965,255.7
"WA",1966,166.67
"WA",1967,178.9
"WA",1968,18.25
"WA",1969,1.68
"WA",1970,19.71
"WA",1971,33.15
"WA",1972,28.37
"WA",1973,25.03
"WA",1974,2.22
"WA",1975,8.14
"WA",1976,10.26
"WA",1977,12.41
"WA",1978,10.62
"WA",1979,25.15
"WA",1980,4.05
"WA",1981,0.1
"WA",1982,0.85
"WA",1983,0.7
"WA",1984,3.91
"WA",1985,1.99
"WA",1986,4.71
"WA",1987,1.01
"WA",1988,0.15
"WA",1989,1.06
"WA",1990,6.71
"WA",1991,1.53
"WA",1992,NA
"WA",1993,NA
"WA",1994,NA
"WA",1995,0.39
"WA",1996,0.92
"WA",1997,0.27
"WA",1998,0
"WA",1999,NA
"WA",2000,0
"WA",2001,0
"WA",2002,NA
"WA",2003,NA
"WV",1928,195.98
"WV",1929,380.14
"WV",1930,157.7
"WV",1931,291.38
"WV",1932,599.65
"WV",1933,303.34
"WV",1934,231.8
"WV",1935,605.9
"WV",1936,63.26
"WV",1937,110.04
"WV",1938,595.16
"WV",1939,99.07
"WV",1940,29.79
"WV",1941,592.24
"WV",1942,303.79
"WV",1943,133.75
"WV",1944,497.22
"WV",1945,79.64
"WV",1946,140.56
"WV",1947,143.62
"WV",1948,295.53
"WV",1949,188.45
"WV",1950,293.19
"WV",1951,227.24
"WV",1952,270
"WV",1953,309.56
"WV",1954,512.01
"WV",1955,204.22
"WV",1956,587.09
"WV",1957,185.11
"WV",1958,657.2
"WV",1959,406.39
"WV",1960,190.39
"WV",1961,429.01
"WV",1962,551.12
"WV",1963,696.29
"WV",1964,518.7
"WV",1965,832.69
"WV",1966,313.45
"WV",1967,84.57
"WV",1968,20.5
"WV",1969,13.82
"WV",1970,19.73
"WV",1971,31.99
"WV",1972,15.51
"WV",1973,12.58
"WV",1974,12.68
"WV",1975,11.73
"WV",1976,11.01
"WV",1977,13.87
"WV",1978,45.55
"WV",1979,4.54
"WV",1980,1.75
"WV",1981,0.6
"WV",1982,0.1
"WV",1983,0.05
"WV",1984,NA
"WV",1985,2.51
"WV",1986,0.11
"WV",1987,NA
"WV",1988,0.33
"WV",1989,2.95
"WV",1990,0.33
"WV",1991,NA
"WV",1992,NA
"WV",1993,NA
"WV",1994,1.98
"WV",1995,NA
"WV",1996,NA
"WV",1997,0.05
"WV",1998,NA
"WV",1999,NA
"WV",2000,NA
"WV",2001,NA
"WV",2002,NA
"WV",2003,NA
"WI",1928,124.61
"WI",1929,1016.54
"WI",1930,748.58
"WI",1931,506.57
"WI",1932,935.31
"WI",1933,317.48
"WI",1934,1332.84
"WI",1935,1415.38
"WI",1936,126.57
"WI",1937,66.55
"WI",1938,2348.05
"WI",1939,768.04
"WI",1940,636.45
"WI",1941,993.07
"WI",1942,781.79
"WI",1943,1290.54
"WI",1944,1407.91
"WI",1945,165.52
"WI",1946,1333.6
"WI",1947,383.14
"WI",1948,926.15
"WI",1949,1171.07
"WI",1950,546.71
"WI",1951,958.07
"WI",1952,1140.83
"WI",1953,1166.84
"WI",1954,289.57
"WI",1955,1389.05
"WI",1956,715.74
"WI",1957,980.76
"WI",1958,1665.37
"WI",1959,384.77
"WI",1960,1090.16
"WI",1961,932.93
"WI",1962,365.34
"WI",1963,1413.07
"WI",1964,370.35
"WI",1965,482.22
"WI",1966,736.07
"WI",1967,49.53
"WI",1968,31.89
"WI",1969,15.33
"WI",1970,31.02
"WI",1971,87.53
"WI",1972,76.34
"WI",1973,29.97
"WI",1974,13.9
"WI",1975,32.03
"WI",1976,88.54
"WI",1977,45.35
"WI",1978,33.27
"WI",1979,13.76
"WI",1980,31.29
"WI",1981,0.12
"WI",1982,0.02
"WI",1983,NA
"WI",1984,0.65
"WI",1985,1.2
"WI",1986,5.85
"WI",1987,3.02
"WI",1988,NA
"WI",1989,6.44
"WI",1990,13.39
"WI",1991,0.14
"WI",1992,NA
"WI",1993,0
"WI",1994,0.04
"WI",1995,0
"WI",1996,0.02
"WI",1997,0
"WI",1998,0
"WI",1999,NA
"WI",2000,NA
"WI",2001,NA
"WI",2002,NA
"WI",2003,NA
"WY",1928,227
"WY",1929,312.16
"WY",1930,341.55
"WY",1931,60.69
"WY",1932,242.1
"WY",1933,249.06
"WY",1934,967.44
"WY",1935,935.42
"WY",1936,57.52
"WY",1937,69.91
"WY",1938,360.59
"WY",1939,1392.34
"WY",1940,393.6
"WY",1941,381.73
"WY",1942,635.27
"WY",1943,1088.61
"WY",1944,728.08
"WY",1945,157.58
"WY",1946,397.59
"WY",1947,170.19
"WY",1948,805.41
"WY",1949,201.42
"WY",1950,209.99
"WY",1951,753.58
"WY",1952,231.75
"WY",1953,497.54
"WY",1954,391.79
"WY",1955,180.83
"WY",1956,640.69
"WY",1957,69.46
"WY",1958,433.31
"WY",1959,281.2
"WY",1960,209.63
"WY",1961,143.65
"WY",1962,142.93
"WY",1963,97.92
"WY",1964,84.29
"WY",1965,226.15
"WY",1966,72.79
"WY",1967,64.27
"WY",1968,17
"WY",1969,2.43
"WY",1970,3.23
"WY",1971,24.49
"WY",1972,14.4
"WY",1973,19.68
"WY",1974,4.46
"WY",1975,0.75
"WY",1976,0.97
"WY",1977,5.77
"WY",1978,NA
"WY",1979,0.43
"WY",1980,NA
"WY",1981,0.2
"WY",1982,0
"WY",1983,NA
"WY",1984,NA
"WY",1985,1.01
"WY",1986,NA
"WY",1987,NA
"WY",1988,NA
"WY",1989,NA
"WY",1990,NA
"WY",1991,0.65
"WY",1992,0.21
"WY",1993,NA
"WY",1994,NA
"WY",1995,NA
"WY",1996,0.2
"WY",1997,0.61
"WY",1998,NA
"WY",1999,NA
"WY",2000,NA
"WY",2001,NA
"WY",2002,NA
"WY",2003,NA
